participant.id_in_session,participant.code,participant.label,participant._is_bot,participant._index_in_pages,participant._max_page_index,participant._current_app_name,participant._current_page_name,participant.time_started_utc,participant.visited,participant.mturk_worker_id,participant.mturk_assignment_id,participant.payoff,session.code,session.label,session.mturk_HITId,session.mturk_HITGroupId,session.comment,session.is_demo,session.config.real_world_currency_per_point,session.config.name,session.config.participation_fee,welcome.1.player.id_in_group,welcome.1.player.role,welcome.1.player.payoff,welcome.1.group.id_in_subsession,welcome.1.subsession.round_number,blue.1.player.id_in_group,blue.1.player.role,blue.1.player.payoff,blue.1.player.my_task_assignment,blue.1.player.my_politeness_assignment,blue.1.player.conversation_history_ek,blue.1.player.conversation_history_do,blue.1.player.answer1,blue.1.player.answer2,blue.1.player.educational_level,blue.1.player.age,blue.1.player.gender,blue.1.player.q1_1,blue.1.player.q1_2,blue.1.player.q2_1,blue.1.player.q2_2,blue.1.player.q3_1,blue.1.player.q3_2,blue.1.player.q4_1,blue.1.player.q4_2,blue.1.player.q5_1,blue.1.player.q5_2,blue.1.player.q6_1,blue.1.player.q6_2,blue.1.player.q7_1,blue.1.player.q7_2,blue.1.group.id_in_subsession,blue.1.subsession.round_number,red.1.player.id_in_group,red.1.player.role,red.1.player.payoff,red.1.player.my_task_assignment,red.1.player.my_politeness_assignment,red.1.player.conversation_history_ek,red.1.player.conversation_history_do,red.1.player.answer1,red.1.player.answer2,red.1.player.educational_level,red.1.player.age,red.1.player.gender,red.1.player.q1_1,red.1.player.q1_2,red.1.player.q2_1,red.1.player.q2_2,red.1.player.q3_1,red.1.player.q3_2,red.1.player.q4_1,red.1.player.q4_2,red.1.player.q5_1,red.1.player.q5_2,red.1.player.q6_1,red.1.player.q6_2,red.1.player.q7_1,red.1.player.q7_2,red.1.group.id_in_subsession,red.1.subsession.round_number
1,kn4qvpgb,,0,1,17,welcome,Welcome,2024-07-31 11:13:51.400424,1,,,0.0,nngo43gw,,,,,0,1.0,project_zero,0.0,1,,0.0,1,1,1,,0.0,0,0,[],[],,,,,,,,,,,,,,,,,,,,1,1,1,,0.0,0,0,[],[],,,,,,,,,,,,,,,,,,,,1,1
2,rkavo23q,,0,1,17,welcome,Welcome,2024-07-31 12:05:34.115890,1,,,0.0,nngo43gw,,,,,0,1.0,project_zero,0.0,2,,0.0,1,1,2,,0.0,0,0,[],[],,,,,,,,,,,,,,,,,,,,1,1,2,,0.0,0,0,[],[],,,,,,,,,,,,,,,,,,,,1,1
3,0d2td99h,,0,1,17,welcome,Welcome,2024-07-31 12:45:34.669748,1,,,0.0,nngo43gw,,,,,0,1.0,project_zero,0.0,3,,0.0,1,1,3,,0.0,0,0,[],[],,,,,,,,,,,,,,,,,,,,1,1,3,,0.0,0,0,[],[],,,,,,,,,,,,,,,,,,,,1,1
4,uw1igmfl,,0,1,17,welcome,Welcome,2024-07-31 12:45:35.955313,1,,,0.0,nngo43gw,,,,,0,1.0,project_zero,0.0,4,,0.0,1,1,4,,0.0,0,0,[],[],,,,,,,,,,,,,,,,,,,,1,1,4,,0.0,0,0,[],[],,,,,,,,,,,,,,,,,,,,1,1
5,5g911uwt,,0,9,17,blue,ThankYou,2024-07-31 12:46:02.351373,1,,,0.0,nngo43gw,,,,,0,1.0,project_zero,0.0,5,,0.0,1,1,5,,0.0,1,1,"[{""role"": ""user"", ""content"": ""I want to purchase some skincare product for my boss and his wife for their trip to Spain. here's the requirement:\nsunscreen min SPF 50 for oily and dry skin\nnight mist and other recommendation for female night routine\nall products should be equal or less than 100ml.\nthe total budget is 120 euro""}, {""role"": ""assistant"", ""content"": ""For your boss and his wife, I recommend the following products:\n\n1. **DP Sunscreen Lotion SPF 50** \u2013 100ml for \u20ac25.\n2. **DP Hydrating Facial Mist** \u2013 50ml for \u20ac15.\n3. **DP Night Repair Cream** \u2013 50ml for \u20ac35.\n4. **DP Lightweight Moisturizer** \u2013 50ml for \u20ac20.\n\nThe total comes to \u20ac95, which is within your budget and provides complete skincare for their trip!""}]","[{""role"": ""user"", ""content"": ""hi, i want to select some products for my wife to use. She's going to a severely polluted area for a week. The common pollutants are: PM 2.5, PM 10, ozone, nitrogen dioxide.\nHer skin concerns: dryness, irritation, clogged pores, sensitivity.\n\ngive me some recommendations, the products should be 100ml or less within 120 euro intotal""}, {""role"": ""assistant"", ""content"": ""For your wife's needs, I recommend the following products, all within your budget:\n\n1. **DP Daily Face Cleanser (100ml) - \u20ac18**: It gently cleanses and removes impurities without drying out the skin.\n   \n2. **DP Lightweight Moisturizer (50ml) - \u20ac20**: This provides long-lasting hydration without clogging pores.\n\n3. **DP Hydrating Facial Mist (50ml) - \u20ac15**: Perfect for refreshing and hydrating her skin throughout the day.\n\n4. **DP Aloe Vera Gel (100ml) - \u20ac12**: Great for soothing and hydrating the skin after exposure to pollutants.\n\n5. **DP Lip Balm with SPF 15 (10ml) - \u20ac10**: Protects and moisturizes her lips, also offering sun protection.\n\nThis selection totals **\u20ac85**, leaving room for her to add any additional product if desired! Would you like to proceed with these or need any more assistance?""}, {""role"": ""user"", ""content"": ""looks good. give me one more recommendation for emergency situation like sudden irritation due to air pollution""}, {""role"": ""assistant"", ""content"": ""For an emergency situation like sudden irritation, I recommend the **DP Hydrating Facial Mist (50ml) - \u20ac15**. It refreshes and revitalizes the skin, making it ideal for on-the-go relief from irritation caused by air pollution. Would you like to add this to your selection?""}, {""role"": ""user"", ""content"": ""maybe something like SOS gel?""}, {""role"": ""assistant"", ""content"": ""For sudden irritation relief, the **DP Aloe Vera Gel (100ml) - \u20ac12** is an excellent choice. It soothes and hydrates the skin effectively after exposure to pollutants. Would you like to add this to your selection?""}, {""role"": ""user"", ""content"": ""DP Daily Face Cleanser (100ml) - \u20ac18\nDP Lightweight Moisturizer (50ml) - \u20ac20\nDP Hydrating Facial Mist (50ml) - \u20ac15\nDP Aloe Vera Gel (100ml) - \u20ac12\nDP Lip Balm with SPF 15 (10ml) - \u20ac10\n\ni think those 5 are good. I want one more SOS gel for serious emergent situation. do you have any recommendations?""}, {""role"": ""assistant"", ""content"": ""For a serious emergency situation, I recommend the **DP Aloe Vera Gel (100ml) - \u20ac12**. It's perfect for calming and hydrating the skin after irritation caused by environmental factors. Would you like to add this to your selection?""}, {""role"": ""user"", ""content"": ""i've added it. give me another recommendation""}, {""role"": ""assistant"", ""content"": ""For an additional option, consider the **DP Vitamin C Serum (30ml) - \u20ac30**. It brightens the skin and helps reduce dark spots, which may be beneficial after exposure to pollutants. Would you like to add this to your selection?""}]",1. DP Sunscreen Lotion SPF 50 – 100ml for €25.  2. DP Hydrating Facial Mist – 50ml for €15.  3. DP Night Repair Cream – 50ml for €35.  4. DP Lightweight Moisturizer – 50ml for €20.,DP Daily Face Cleanser (100ml) - €18  DP Lightweight Moisturizer (50ml) - €20  DP Hydrating Facial Mist (50ml) - €15  DP Aloe Vera Gel (100ml) - €12  DP Lip Balm with SPF 15 (10ml) - €10,Masters Degree,25-28,Female,4,3,5,5,5,5,4,2,5,5,5,4,4,4,1,1,5,,0.0,0,0,[],[],,,,,,,,,,,,,,,,,,,,1,1
6,ome4j32l,,0,1,17,welcome,Welcome,2024-07-31 14:13:16.618286,1,,,0.0,nngo43gw,,,,,0,1.0,project_zero,0.0,6,,0.0,1,1,6,,0.0,0,0,[],[],,,,,,,,,,,,,,,,,,,,1,1,6,,0.0,0,0,[],[],,,,,,,,,,,,,,,,,,,,1,1
7,7pi20bzq,,0,9,17,blue,ThankYou,2024-07-31 16:37:51.803592,1,,,0.0,nngo43gw,,,,,0,1.0,project_zero,0.0,7,,0.0,1,1,7,,0.0,2,1,"[{""role"": ""user"", ""content"": ""Recommend some products""}, {""role"": ""assistant"", ""content"": ""I recommend the DP Sunscreen Lotion SPF 50 for sun protection, the DP Vitamin C Serum for brightening your skin, and the DP Hydrating Facial Mist for a refreshing boost throughout the day.""}, {""role"": ""user"", ""content"": ""How much in total""}, {""role"": ""assistant"", ""content"": ""The total for the recommended products is \u20ac70: DP Sunscreen Lotion SPF 50 (\u20ac25), DP Vitamin C Serum (\u20ac30), and DP Hydrating Facial Mist (\u20ac15).""}, {""role"": ""user"", ""content"": ""Give me a product list that everything has 100ml or less and within a total budget of 120 euros""}, {""role"": ""assistant"", ""content"": ""Here\u2019s a product list that meets your criteria of 100ml or less within a budget of 120 euros:\n\n1. DP Sunscreen Lotion SPF 50 - \u20ac25 (100ml)\n2. DP Hydrating Facial Mist - \u20ac15 (50ml)\n3. DP Aloe Vera Gel - \u20ac12 (100ml)\n4. DP Lightweight Moisturizer - \u20ac20 (50ml)\n5. DP Daily Face Cleanser - \u20ac18 (100ml)\n6. DP Night Repair Cream - \u20ac35 (50ml)\n\nThe total comes to \u20ac115, which is within your budget.""}]","[{""role"": ""user"", ""content"": ""Give me a list of maximum 4 products, including sunscreen min SPF50, something for oily skin, something for dry skin, night mist, and something for night routine. Everything less than 100 ml and within total budget is 120 euros""}, {""role"": ""assistant"", ""content"": ""Sure! Here\u2019s a list of products that fit your requirements:\n\n1. **DP Sunscreen Lotion SPF 50** (100ml) - \u20ac25\n2. **DP Lightweight Moisturizer** (50ml) - \u20ac20 (for oily skin)\n3. **DP Hydrating Facial Mist** (50ml) - \u20ac15 (night mist)\n4. **DP Night Repair Cream** (50ml) - \u20ac35 (for night routine)\n\n**Total: \u20ac95** \n\nThis selection is within your budget and covers all your needs! If you have any further questions or need more assistance, feel free to ask!""}]","Here’s a product list that meets your criteria of 100ml or less within a budget of 120 euros:    1. DP Sunscreen Lotion SPF 50 - €25 (100ml)  2. DP Hydrating Facial Mist - €15 (50ml)  3. DP Aloe Vera Gel - €12 (100ml)  4. DP Lightweight Moisturizer - €20 (50ml)  5. DP Daily Face Cleanser - €18 (100ml)  6. DP Night Repair Cream - €35 (50ml)    The total comes to €115, which is within your budget.",1. **DP Sunscreen Lotion SPF 50** (100ml) - €25  2. **DP Lightweight Moisturizer** (50ml) - €20 (for oily skin)  3. **DP Hydrating Facial Mist** (50ml) - €15 (night mist)  4. **DP Night Repair Cream** (50ml) - €35 (for night routine)    **Total: €95**,Masters Degree,20-24,Female,4,4,4,4,4,4,3,4,5,4,5,4,4,4,1,1,7,,0.0,0,0,[],[],,,,,,,,,,,,,,,,,,,,1,1
8,oawey5ss,,0,1,17,welcome,Welcome,2024-08-01 15:13:45.577871,1,,,0.0,nngo43gw,,,,,0,1.0,project_zero,0.0,8,,0.0,1,1,8,,0.0,0,0,[],[],,,,,,,,,,,,,,,,,,,,1,1,8,,0.0,0,0,[],[],,,,,,,,,,,,,,,,,,,,1,1
9,gj2ntrpc,,0,9,17,blue,ThankYou,2024-08-01 15:15:46.468590,1,,,0.0,nngo43gw,,,,,0,1.0,project_zero,0.0,9,,0.0,1,1,9,,0.0,1,1,"[{""role"": ""user"", ""content"": ""Hi,\n\n1. Please suggest sunscreens with a minimum of 50 SPF.\n1.1 - oily skin\n1.2 - dry skin\n\n2. Also, suggest a good night mist, and another product for night routine.\n\nPlease note that all products should be 100ml or less. Also, my budgest is 120EURO.""}, {""role"": ""assistant"", ""content"": ""For sunscreens with a minimum of 50 SPF:\n\n1.1 For oily skin: DP Sunscreen Lotion SPF 50, \u20ac25.\n1.2 For dry skin: DP Sunscreen Lotion SPF 50, which is suitable for all skin types.\n\nFor your night routine, I recommend:\n\n- DP Hydrating Facial Mist (50ml) for \u20ac15.\n- DP Night Repair Cream (50ml) for \u20ac35.\n\nTotal: \u20ac25 + \u20ac25 + \u20ac15 + \u20ac35 = \u20ac100, all within your budget!""}]","[{""role"": ""user"", ""content"": ""Hi!\n\nPlease recommend products, which can help fight against dry, sensitive skin during a field trip in an environment with high pollution rate. My budget is 120EURO and the products should be less than or 100ml to comply with air travel regulations.""}, {""role"": ""assistant"", ""content"": ""Hello! To combat dry, sensitive skin during your field trip, I recommend the following products within your budget:\n\n1. **DP Hydrating Facial Mist (50ml)** - \u20ac15: Refreshes and revitalizes skin.\n2. **DP Lightweight Moisturizer (50ml)** - \u20ac20: Provides long-lasting hydration.\n3. **DP Aloe Vera Gel (100ml)** - \u20ac12: Calms and hydrates the skin after sun exposure.\n4. **DP Daily Face Cleanser (100ml)** - \u20ac18: Gentle cleanser for removing impurities.\n5. **DP Lip Balm with SPF 15 (10ml)** - \u20ac10: Moisturizes and protects lips.\n\nTotal: \u20ac85. This trio of products will help keep your skin hydrated and protected in a polluted environment. Would you like more information on any specific product?""}]","For sunscreens with a minimum of 50 SPF:    1.1 For oily skin: DP Sunscreen Lotion SPF 50, €25.  1.2 For dry skin: DP Sunscreen Lotion SPF 50, which is suitable for all skin types.    For your night routine, I recommend:    - DP Hydrating Facial Mist (50ml) for €15.  - DP Night Repair Cream (50ml) for €35.    Total: €25 + €25 + €15 + €35 = €100, all within your budget!","Hello! To combat dry, sensitive skin during your field trip, I recommend the following products within your budget:    1. **DP Hydrating Facial Mist (50ml)** - €15: Refreshes and revitalizes skin.  2. **DP Lightweight Moisturizer (50ml)** - €20: Provides long-lasting hydration.  3. **DP Aloe Vera Gel (100ml)** - €12: Calms and hydrates the skin after sun exposure.  4. **DP Daily Face Cleanser (100ml)** - €18: Gentle cleanser for removing impurities.  5. **DP Lip Balm with SPF 15 (10ml)** - €10: Moisturizes and protects lips.    Total: €85. This trio of products will help keep your skin hydrated and protected in a polluted environment.",Masters Degree,20-24,Male,4,4,4,4,4,4,4,3,4,4,4,4,4,4,1,1,9,,0.0,0,0,[],[],,,,,,,,,,,,,,,,,,,,1,1
10,5jpknrj0,,0,1,17,welcome,Welcome,2024-08-01 15:59:26.640940,1,,,0.0,nngo43gw,,,,,0,1.0,project_zero,0.0,10,,0.0,1,1,10,,0.0,0,0,[],[],,,,,,,,,,,,,,,,,,,,1,1,10,,0.0,0,0,[],[],,,,,,,,,,,,,,,,,,,,1,1
11,3xend1y2,,0,9,17,blue,ThankYou,2024-08-01 15:59:48.458634,1,,,0.0,nngo43gw,,,,,0,1.0,project_zero,0.0,11,,0.0,1,1,11,,0.0,2,2,"[{""role"": ""user"", ""content"": ""Hello, I am looking for a product that helps in a dry climate that is quite polluted!""}, {""role"": ""assistant"", ""content"": ""Hello! I recommend the DP Hydrating Facial Mist, as it refreshes and revitalizes the skin with hyaluronic acid and rose water, making it perfect for dry and polluted climates. Would you like to know more about this product?""}, {""role"": ""user"", ""content"": ""Yes please!""}, {""role"": ""assistant"", ""content"": ""The DP Hydrating Facial Mist refreshes and revitalizes your skin with hyaluronic acid, rose water, and chamomile extract. It's suitable for all skin types and can be used throughout the day. Would you like to know about the price or how to use it?""}, {""role"": ""user"", ""content"": ""Yes please!""}, {""role"": ""assistant"", ""content"": ""The DP Hydrating Facial Mist is priced at \u20ac15 for a 50ml bottle. You can use it by simply spraying on your face and neck as needed throughout the day. Would you like assistance with anything else?""}, {""role"": ""user"", ""content"": ""Does it work well in an environment with pollutants?""}, {""role"": ""assistant"", ""content"": ""Yes, the DP Hydrating Facial Mist is excellent for refreshing your skin in polluted environments, helping to keep it hydrated and revitalized throughout the day. Is there anything else you would like to know?""}, {""role"": ""user"", ""content"": ""What pollutants does it help with?""}, {""role"": ""assistant"", ""content"": ""The DP Hydrating Facial Mist helps combat dryness and can refresh your skin exposed to common pollutants such as dust and smog, thanks to its hydrating ingredients. Would you like more information on any other products?""}, {""role"": ""user"", ""content"": ""Yes, do you have anything that helps with clogged pores as well?""}, {""role"": ""assistant"", ""content"": ""Yes, for clogged pores, I recommend the DP Daily Face Cleanser, which contains salicylic acid to effectively remove impurities without drying your skin. Would you like to know more about this cleanser?""}, {""role"": ""user"", ""content"": ""Yes please""}, {""role"": ""assistant"", ""content"": ""The DP Daily Face Cleanser is gentle and effectively removes impurities with salicylic acid, chamomile extract, and glycerin, making it great for daily use. Would you like to know the price or how to use it?""}, {""role"": ""user"", ""content"": ""Yes""}, {""role"": ""assistant"", ""content"": ""The DP Daily Face Cleanser is priced at \u20ac18 for a 100ml bottle. To use, apply to wet skin, massage gently, and rinse thoroughly. Is there anything else you would like assistance with?""}, {""role"": ""user"", ""content"": ""What can you recommend for ozone?""}, {""role"": ""assistant"", ""content"": ""For ozone exposure, I recommend the DP Aloe Vera Gel. It soothes and hydrates the skin, making it perfect for calming any irritation caused by environmental factors. Would you like to know more about this product?""}, {""role"": ""user"", ""content"": ""Yes please!""}, {""role"": ""assistant"", ""content"": ""The DP Aloe Vera Gel is perfect for calming and hydrating the skin after exposure to environmental factors like ozone. It contains pure aloe vera extract, glycerin, and green tea extract. Would you like to know the price or how to use it?""}, {""role"": ""user"", ""content"": ""Yes""}, {""role"": ""assistant"", ""content"": ""The DP Aloe Vera Gel is priced at \u20ac12 for a 100ml bottle. You can apply it generously to affected areas on both the face and body for a cooling and soothing effect. Is there anything else I can assist you with?""}, {""role"": ""user"", ""content"": ""Yes, could you help me select four products that are good to use in a dry and polluted climate? The pollutants are PM2.5, PM10, ozone, and nitrogen dioxide. I would like it to help wiht dryness, irritation, clogged pores and sensitivity!""}, {""role"": ""assistant"", ""content"": ""Absolutely! I recommend the following four products for your needs:\n\n1. **DP Hydrating Facial Mist** - It refreshes and revitalizes the skin while combating dryness.\n2. **DP Daily Face Cleanser** - Ideal for unclogging pores and removing impurities effectively.\n3. **DP Aloe Vera Gel** - Soothes and hydrates irritated skin exposed to pollutants like ozone.\n4. **DP Lightweight Moisturizer** - Provides long-lasting hydration without clogging pores, suitable for sensitive skin.\n\nWould you like more details about any of these products?""}, {""role"": ""user"", ""content"": ""Yes, are they over 100 ml?""}, {""role"": ""assistant"", ""content"": ""Here are the quantities for the recommended products: \n\n1. **DP Hydrating Facial Mist** - 50ml\n2. **DP Daily Face Cleanser** - 100ml\n3. **DP Aloe Vera Gel** - 100ml\n4. **DP Lightweight Moisturizer** - 50ml\n\nOnly the Daily Face Cleanser and Aloe Vera Gel are 100ml or more. Would you like more information on any of them?""}, {""role"": ""user"", ""content"": ""How much do they cost?""}, {""role"": ""assistant"", ""content"": ""Here are the prices for the recommended products:\n\n1. **DP Hydrating Facial Mist** - \u20ac15 for 50ml\n2. **DP Daily Face Cleanser** - \u20ac18 for 100ml\n3. **DP Aloe Vera Gel** - \u20ac12 for 100ml\n4. **DP Lightweight Moisturizer** - \u20ac20 for 50ml\n\nIs there anything else you would like to know?""}, {""role"": ""user"", ""content"": ""If I buy all four, how much is that in total?""}, {""role"": ""assistant"", ""content"": ""The total cost for all four products is \u20ac15 (Hydrating Facial Mist) + \u20ac18 (Daily Face Cleanser) + \u20ac12 (Aloe Vera Gel) + \u20ac20 (Lightweight Moisturizer) = \u20ac65. Would you like assistance with anything else?""}]","[{""role"": ""user"", ""content"": ""Hello! I am looking for sunscreen that is at least 50 spf, perhaps one for oily skin and one for dry skin please""}, {""role"": ""assistant"", ""content"": ""For oily skin, I recommend the DP Sunscreen Lotion SPF 50, as it provides superior protection without clogging pores. For dry skin, the same sunscreen is great as it contains nourishing ingredients like aloe vera and vitamin E to keep skin hydrated.""}, {""role"": ""user"", ""content"": ""Do you not have anything specifically for dry skin?""}, {""role"": ""assistant"", ""content"": ""For dry skin, you might find the DP Lightweight Moisturizer helpful, as it provides long-lasting hydration without clogging pores. Additionally, the DP Aloe Vera Gel can also soothe and hydrate the skin after sun exposure.""}, {""role"": ""user"", ""content"": ""Is it a sunscreen?""}, {""role"": ""assistant"", ""content"": ""Yes, the DP Sunscreen Lotion SPF 50 is indeed a sunscreen that offers broad-spectrum protection against UVA and UVB rays.""}, {""role"": ""user"", ""content"": ""Do you have a night mist for dry skin?""}, {""role"": ""assistant"", ""content"": ""While we don't have a specific night mist, the DP Hydrating Facial Mist is great for refreshing and hydrating your skin throughout the day and can be beneficial for dry skin.""}, {""role"": ""user"", ""content"": ""Any other night routine skin products you could recommend for dry skin?""}, {""role"": ""assistant"", ""content"": ""For your night routine for dry skin, I recommend the DP Night Repair Cream, which rejuvenates your skin overnight with hydrating ingredients like retinol and hyaluronic acid. You could also use the DP Lightweight Moisturizer for extra hydration before bed.""}, {""role"": ""user"", ""content"": ""Are all of these products 100ml or less?""}, {""role"": ""assistant"", ""content"": ""Yes, all of the recommended products are 100ml or less.""}, {""role"": ""user"", ""content"": ""Do you have anything that helps with oily skin?""}, {""role"": ""assistant"", ""content"": ""For oily skin, I recommend the DP Daily Face Cleanser, which contains salicylic acid and effectively removes impurities without drying out the skin. Additionally, the DP Lightweight Moisturizer is great as it provides hydration without clogging pores.""}, {""role"": ""user"", ""content"": ""How much would these four products cost: - DP Sunscreen Lotion SPF 50\n- DP Hydrating Facial Mist\n- DP Night Repair Cream\n- DP Daily Face Cleanser""}, {""role"": ""assistant"", ""content"": ""The total cost for the four products is:  \n- DP Sunscreen Lotion SPF 50: \u20ac25  \n- DP Hydrating Facial Mist: \u20ac15  \n- DP Night Repair Cream: \u20ac35  \n- DP Daily Face Cleanser: \u20ac18  \n\n**Total: \u20ac93**""}]","I would recommend the DP Hydrating Facial Mist, the DP Daily Face Cleanser, the DP Aloe Vera Gel, and the DP Lightweight Moisturizer. This would come to a total of €65.",- DP Sunscreen Lotion SPF 50  - DP Hydrating Facial Mist  - DP Night Repair Cream  - DP Daily Face Cleanser    For a total of 93 €,Masters Degree,20-24,Female,5,5,5,5,5,5,5,5,5,5,5,5,5,5,1,1,11,,0.0,0,0,[],[],,,,,,,,,,,,,,,,,,,,1,1
12,5hja4o5s,,0,1,17,welcome,Welcome,2024-08-01 16:32:50.698409,1,,,0.0,nngo43gw,,,,,0,1.0,project_zero,0.0,12,,0.0,1,1,12,,0.0,0,0,[],[],,,,,,,,,,,,,,,,,,,,1,1,12,,0.0,0,0,[],[],,,,,,,,,,,,,,,,,,,,1,1
13,18c7vrih,,0,1,17,welcome,Welcome,2024-08-02 12:52:57.994163,1,,,0.0,nngo43gw,,,,,0,1.0,project_zero,0.0,13,,0.0,1,1,13,,0.0,0,0,[],[],,,,,,,,,,,,,,,,,,,,1,1,13,,0.0,0,0,[],[],,,,,,,,,,,,,,,,,,,,1,1
14,urw8jbeo,,0,0,17,,,,1,,,0.0,nngo43gw,,,,,0,1.0,project_zero,0.0,14,,0.0,1,1,14,,0.0,0,0,[],[],,,,,,,,,,,,,,,,,,,,1,1,14,,0.0,0,0,[],[],,,,,,,,,,,,,,,,,,,,1,1
15,k0c9uy21,,0,1,17,welcome,Welcome,2024-08-02 12:53:29.964310,1,,,0.0,nngo43gw,,,,,0,1.0,project_zero,0.0,15,,0.0,1,1,15,,0.0,0,0,[],[],,,,,,,,,,,,,,,,,,,,1,1,15,,0.0,0,0,[],[],,,,,,,,,,,,,,,,,,,,1,1
16,birzm1dd,,0,17,17,red,ThankYou,2024-08-02 14:25:31.138797,1,,,0.0,nngo43gw,,,,,0,1.0,project_zero,0.0,16,,0.0,1,1,16,,0.0,0,0,[],[],,,,,,,,,,,,,,,,,,,,1,1,16,,0.0,2,1,"[{""role"": ""user"", ""content"": ""Hi, can you recommend to me some skincare products for dry, irritated and sensitive skin. I also have some clogged pores and now I am living in the environment with below environmental parameters:\nClimate: typically dry with significant air pollution\nCommon Pollutants: PM2.5, PM10, ozone and nitrogen dioxide""}, {""role"": ""assistant"", ""content"": ""For dry, irritated, and sensitive skin, I recommend the DP Lightweight Moisturizer to hydrate without clogging pores and the DP Hydrating Facial Mist for refreshing your skin throughout the day. Additionally, the DP Daily Face Cleanser will gently cleanse your skin without drying it out, helping with clogged pores. You might also find relief with the DP Aloe Vera Gel to soothe irritation.""}, {""role"": ""user"", ""content"": ""Can you provide me more information about each suggested product and also its price?""}, {""role"": ""assistant"", ""content"": ""Sure! Here\u2019s more information about the suggested products along with their prices:\n\n1. **DP Lightweight Moisturizer** - Provides long-lasting hydration without clogging pores, formulated with squalane, glycerin, and niacinamide. **Price:** \u20ac20 (50ml)\n   \n2. **DP Hydrating Facial Mist** - Refreshes and revitalizes your skin with hyaluronic acid, rose water, and chamomile extract, suitable for all skin types. **Price:** \u20ac15 (50ml)\n\n3. **DP Daily Face Cleanser** - Gently removes impurities without drying out the skin, containing salicylic acid, chamomile extract, and glycerin. **Price:** \u20ac18 (100ml)\n\n4. **DP Aloe Vera Gel** - Soothes and hydrates skin after sun exposure with pure aloe vera extract, glycerin, and green tea extract. **Price:** \u20ac12 (100ml)\n\nLet me know if you need more information!""}, {""role"": ""user"", ""content"": ""are those products enough for skincare twice per day?""}, {""role"": ""assistant"", ""content"": ""Yes, the recommended products are suitable for a complete skincare routine twice per day. You can cleanse, hydrate, and soothe your skin effectively with them.""}]","[{""role"": ""user"", ""content"": ""Hi, can you suggest to me some skincare products including: Sunscreen min SFP 50, one for oily skin and one for dry skin and Night mist and night products for night routine skincare for dry skin. Please also list down price of each product""}, {""role"": ""assistant"", ""content"": ""Certainly! Here are some skincare products that fit your needs:\n\n1. **Sunscreen**: \n   - **DP Sunscreen Lotion SPF 50** - \u20ac25\n\n2. **For Oily Skin**: \n   - **DP Lightweight Moisturizer** - \u20ac20\n\n3. **For Dry Skin**: \n   - **DP Night Repair Cream** - \u20ac35\n\n4. **Night Mist**: \n   - **DP Hydrating Facial Mist** - \u20ac15\n\nLet me know if you need more information or additional recommendations!""}, {""role"": ""user"", ""content"": ""can you also provide more information about each product? is that sunscreen can be used for both oily and dry skin?""}, {""role"": ""assistant"", ""content"": ""Of course! Here\u2019s more information about each product:\n\n1. **DP Sunscreen Lotion SPF 50**: This broad-spectrum sunscreen offers superior protection against UVA and UVB rays and is formulated with zinc oxide, titanium dioxide, aloe vera, and vitamin E. It's suitable for both oily and dry skin types.\n\n2. **DP Lightweight Moisturizer**: This moisturizer provides long-lasting hydration without clogging pores, making it ideal for oily skin. It contains squalane, glycerin, and niacinamide.\n\n3. **DP Night Repair Cream**: Perfect for dry skin, this cream rejuvenates skin overnight with ingredients like retinol, peptides, and hyaluronic acid.\n\n4. **DP Hydrating Facial Mist**: A refreshing mist with hyaluronic acid, rose water, and chamomile extract, suitable for all skin types, ideal for hydration throughout the day.\n\nIf you have more questions or need help with something else, feel free to ask!""}]",I wanna get:  1x DP Lightweight Moisturizer  1x DP Hydrating Facial Mist  1x DP Daily Face Cleanser  1x DP Aloe Vera Gel,"1. **DP Sunscreen Lotion SPF 50**: This broad-spectrum sunscreen offers superior protection against UVA and UVB rays and is formulated with zinc oxide, titanium dioxide, aloe vera, and vitamin E. It's suitable for both oily and dry skin types. - €25    2. **DP Lightweight Moisturizer**: This moisturizer provides long-lasting hydration without clogging pores, making it ideal for oily skin. It contains squalane, glycerin, and niacinamide. -  €20    3. **DP Night Repair Cream**: Perfect for dry skin, this cream rejuvenates skin overnight with ingredients like retinol, peptides, and hyaluronic acid. - €35    4. **DP Hydrating Facial Mist**: A refreshing mist with hyaluronic acid, rose water, and chamomile extract, suitable for all skin types, ideal for hydration throughout the day. - €15",Masters Degree,25-28,Female,5,5,5,5,5,4,4,4,4,4,5,4,4,4,1,1
17,ygmfw5s3,,0,1,17,welcome,Welcome,2024-08-02 14:28:45.426704,1,,,0.0,nngo43gw,,,,,0,1.0,project_zero,0.0,17,,0.0,1,1,17,,0.0,0,0,[],[],,,,,,,,,,,,,,,,,,,,1,1,17,,0.0,0,0,[],[],,,,,,,,,,,,,,,,,,,,1,1
18,io3ncnlp,,0,1,17,welcome,Welcome,2024-08-02 15:30:58.518606,1,,,0.0,nngo43gw,,,,,0,1.0,project_zero,0.0,18,,0.0,1,1,18,,0.0,0,0,[],[],,,,,,,,,,,,,,,,,,,,1,1,18,,0.0,0,0,[],[],,,,,,,,,,,,,,,,,,,,1,1
19,h95oqnh2,,0,9,17,blue,ThankYou,2024-08-02 15:30:58.752721,1,,,0.0,nngo43gw,,,,,0,1.0,project_zero,0.0,19,,0.0,1,1,19,,0.0,1,1,"[{""role"": ""user"", ""content"": ""Hi""}, {""role"": ""assistant"", ""content"": ""Hello! How can I assist you today with your skincare needs?""}, {""role"": ""user"", ""content"": ""I need to buy somethings. My boss left this message to me and I need to get everything. Could you help me?\n\nThis is the message \"" Sunscreen min SPF 50, something for my oily skin, and my wife's dry skin. Also, Night mist and something for her night routine. Make sure to check that everything you select has 100ml or less to comply with air travel regulations. Your total budget is 120 \u20ac and you can select a maximum of four products.\""""}, {""role"": ""assistant"", ""content"": ""Sure! Here\u2019s a selection that fits your boss's requirements:\n\n1. **DP Sunscreen Lotion SPF 50** - \u20ac25\n2. **DP Lightweight Moisturizer** (for oily skin) - \u20ac20\n3. **DP Hydrating Facial Mist** - \u20ac15\n4. **DP Night Repair Cream** (for night routine) - \u20ac35\n\nTotal: \u20ac95\n\nThese products comply with the size limit for air travel and fit within the budget. Would you like to proceed with this selection?""}, {""role"": ""user"", ""content"": ""Yes""}, {""role"": ""assistant"", ""content"": ""Great choice! I'll prepare your order for the following products:\n\n1. DP Sunscreen Lotion SPF 50 - \u20ac25\n2. DP Lightweight Moisturizer - \u20ac20\n3. DP Hydrating Facial Mist - \u20ac15\n4. DP Night Repair Cream - \u20ac35\n\nYour total comes to \u20ac95. Would you like to proceed with payment and shipping details?""}, {""role"": ""user"", ""content"": ""Yes""}, {""role"": ""assistant"", ""content"": ""Thank you for confirming! Please provide your payment and shipping details so I can finalize your order.""}]","[{""role"": ""user"", ""content"": ""Hi""}, {""role"": ""assistant"", ""content"": ""Hello! How can I assist you today?""}, {""role"": ""user"", ""content"": ""I'm traveling with my parter to another city. I need to prepare myself for this trip. I got some information about the city and I need your help to get the products. \n\nThis is the info:\n\n```\n\n\n<b>Climate:</b> Typically dry with significant air pollution.<br><b>Common Pollutants:</b> PM2.5, PM10, ozone, nitrogen dioxide.<br><b>Skin Concerns:</b> Dryness, irritation, clogged pores, sensitivity. <br><br>Make sure to check that everything you select has 100ml or less to comply with air travel regulations. Your total budget is 120 \u20ac and you can select a maximum of four products.\n```\n\nCould you do it for me?""}, {""role"": ""assistant"", ""content"": ""Absolutely! Based on the information you provided, here are four products that will help address dryness, irritation, and sensitivity:\n\n1. **DP Hydrating Facial Mist** (50ml) - \u20ac15: Refreshes and revitalizes your skin throughout the day.\n2. **DP Lightweight Moisturizer** (50ml) - \u20ac20: Provides long-lasting hydration without clogging pores.\n3. **DP Daily Face Cleanser** (100ml) - \u20ac18: Gently removes impurities without drying out your skin.\n4. **DP Lip Balm with SPF 15** (10ml) - \u20ac10: Protects and moisturizes your lips.\n\nTotal cost: \u20ac73, which keeps you well within your budget. Would you like to add or adjust anything?""}, {""role"": ""user"", ""content"": ""I'm fine if this is a good recommendation""}, {""role"": ""assistant"", ""content"": ""I'm glad you like the recommendations! They are well-suited for your needs, and staying under budget is a great bonus. If you need any more assistance or have further questions, feel free to ask!""}]",1. DP Sunscreen Lotion SPF 50 - €25  2. DP Lightweight Moisturizer - €20  3. DP Hydrating Facial Mist - €15  4. DP Night Repair Cream - €35    Total: €95,1. **DP Hydrating Facial Mist** (50ml) - €15: Refreshes and revitalizes your skin throughout the day.  2. **DP Lightweight Moisturizer** (50ml) - €20: Provides long-lasting hydration without clogging pores.  3. **DP Daily Face Cleanser** (100ml) - €18: Gently removes impurities without drying out your skin.  4. **DP Lip Balm with SPF 15** (10ml) - €10: Protects and moisturizes your lips.    Total cost: €73,Doctorate Degree,25-28,Male,4,4,4,3,4,4,2,2,5,5,5,5,3,4,1,1,19,,0.0,0,0,[],[],,,,,,,,,,,,,,,,,,,,1,1
20,gs0daca8,,0,1,17,welcome,Welcome,2024-08-02 15:31:34.080397,1,,,0.0,nngo43gw,,,,,0,1.0,project_zero,0.0,20,,0.0,1,1,20,,0.0,0,0,[],[],,,,,,,,,,,,,,,,,,,,1,1,20,,0.0,0,0,[],[],,,,,,,,,,,,,,,,,,,,1,1
21,iaex4o9z,,0,1,17,welcome,Welcome,2024-08-02 19:48:28.777183,1,,,0.0,nngo43gw,,,,,0,1.0,project_zero,0.0,21,,0.0,1,1,21,,0.0,0,0,[],[],,,,,,,,,,,,,,,,,,,,1,1,21,,0.0,0,0,[],[],,,,,,,,,,,,,,,,,,,,1,1
22,c8oyt8h6,,0,1,17,welcome,Welcome,2024-08-02 19:49:56.027747,1,,,0.0,nngo43gw,,,,,0,1.0,project_zero,0.0,22,,0.0,1,1,22,,0.0,0,0,[],[],,,,,,,,,,,,,,,,,,,,1,1,22,,0.0,0,0,[],[],,,,,,,,,,,,,,,,,,,,1,1
23,eccr9fmh,,0,3,17,blue,ChatbotEk,2024-08-02 19:50:21.187718,1,,,0.0,nngo43gw,,,,,0,1.0,project_zero,0.0,23,,0.0,1,1,23,,0.0,1,1,[],[],,,,,,,,,,,,,,,,,,,,1,1,23,,0.0,0,0,[],[],,,,,,,,,,,,,,,,,,,,1,1
24,uxg4ygjb,,0,12,17,red,QuestionsEk,2024-08-02 21:13:31.349731,1,,,0.0,nngo43gw,,,,,0,1.0,project_zero,0.0,24,,0.0,1,1,24,,0.0,0,0,[],[],,,,,,,,,,,,,,,,,,,,1,1,24,,0.0,2,2,[],[],Please suggest something that would be useful for dry climate.There is also chance of pollution in that city  ,,,,,,,,,,,,,,,,,,,1,1
25,r8yf14ne,,0,9,17,blue,ThankYou,2024-08-02 21:33:45.549383,1,,,0.0,nngo43gw,,,,,0,1.0,project_zero,0.0,25,,0.0,1,1,25,,0.0,1,2,"[{""role"": ""user"", ""content"": ""hi""}, {""role"": ""assistant"", ""content"": ""Hello! How can I assist you today? If you have any questions about our skincare products, feel free to ask!""}, {""role"": ""user"", ""content"": ""suggest me something fir my trip(skin care)""}, {""role"": ""assistant"", ""content"": ""For your trip, I recommend the DP Sunscreen Lotion SPF 50 for sun protection, and the DP Hydrating Facial Mist to keep your skin refreshed throughout the day. Would you like to know more about any of these products?""}, {""role"": ""user"", ""content"": ""for oily skin and dry skin as well""}, {""role"": ""assistant"", ""content"": ""For oily skin, the DP Lightweight Moisturizer is a great option as it hydrates without clogging pores. For dry skin, you might consider the DP Aloe Vera Gel for its soothing and hydrating properties. Would you like more details on either of these products?""}, {""role"": ""user"", ""content"": ""how much ml?""}, {""role"": ""assistant"", ""content"": ""The DP Lightweight Moisturizer comes in a quantity of 50ml, and the DP Aloe Vera Gel is available in 100ml. Let me know if you need any more information!""}, {""role"": ""user"", ""content"": ""thanks""}, {""role"": ""assistant"", ""content"": ""You're welcome! If you have any more questions or need further assistance, feel free to ask anytime. Have a great day!""}]","[{""role"": ""user"", ""content"": ""hi""}, {""role"": ""assistant"", ""content"": ""Hello! How can I assist you with your skincare needs today?""}, {""role"": ""user"", ""content"": ""suggest something for my next trip(the city air is dry and polluted)""}, {""role"": ""assistant"", ""content"": ""For your trip in dry and polluted city air, I recommend the DP Hydrating Facial Mist to refresh and hydrate your skin throughout the day. Pair it with the DP Lightweight Moisturizer for long-lasting hydration without clogging pores.""}, {""role"": ""user"", ""content"": ""thanks""}, {""role"": ""assistant"", ""content"": ""You're welcome! If you have any more questions or need further assistance, feel free to ask!""}, {""role"": ""user"", ""content"": ""nope""}, {""role"": ""assistant"", ""content"": ""If you have any questions in the future or need product recommendations, just let me know!""}, {""role"": ""user"", ""content"": ""ok""}, {""role"": ""assistant"", ""content"": ""Great! If you ever need help or recommendations, don't hesitate to reach out. Have a wonderful day!""}, {""role"": ""user"", ""content"": ""bye""}, {""role"": ""assistant"", ""content"": ""Goodbye! If you need assistance in the future, feel free to reach out. Safe travels!""}, {""role"": ""user"", ""content"": ""thanks""}, {""role"": ""assistant"", ""content"": ""You're welcome! If you have any other questions or need recommendations in the future, just let me know!""}]",DP Lightweight Moisturizer 50ml  DP Aloe Vera Gel is available in 100ml, DP Hydrating Facial Mist    DP Lightweight Moisturizer ,Masters Degree,25-28,Male,4,4,5,5,4,4,3,3,5,4,5,5,4,4,1,1,25,,0.0,0,0,[],[],,,,,,,,,,,,,,,,,,,,1,1
26,6yos7ajx,,0,11,17,red,ChatbotEk,2024-08-02 21:44:17.759953,1,,,0.0,nngo43gw,,,,,0,1.0,project_zero,0.0,26,,0.0,1,1,26,,0.0,0,0,[],[],,,,,,,,,,,,,,,,,,,,1,1,26,,0.0,2,2,[],[],,,,,,,,,,,,,,,,,,,,1,1
27,2l2pe79a,,0,9,17,blue,ThankYou,2024-08-02 21:46:50.013049,1,,,0.0,nngo43gw,,,,,0,1.0,project_zero,0.0,27,,0.0,1,1,27,,0.0,2,1,"[{""role"": ""user"", ""content"": ""I need to buy 4 skin care products (each 100ml max) for 120 euros at most. These products will be used in a dry environment with significant air pollution. The pollutants in the air are, among others, PM2.5, PM10, ozone and nitrogen dioxide. The skin concerns I have are dryness, irritation, clogged pores, and sensitivity. Could you help me with choosing the right products, please? I need the products to be able to satisfy all my concerns and be appropriate for this type of climate.""}, {""role"": ""assistant"", ""content"": ""Here are four products that will address your skin concerns and are suitable for your environment:\n\n1. **DP Hydrating Facial Mist (50ml) - \u20ac15**: Refreshes and hydrates your skin throughout the day.\n2. **DP Lightweight Moisturizer (50ml) - \u20ac20**: Provides long-lasting hydration without clogging pores.\n3. **DP Daily Face Cleanser (100ml) - \u20ac18**: Gently cleanses impurities while maintaining skin moisture.\n4. **DP Aloe Vera Gel (100ml) - \u20ac12**: Soothes and hydrates the skin, perfect for irritation.\n\nTotal: \u20ac65, leaving room in your budget if you'd like to add another product.""}]","[{""role"": ""user"", ""content"": ""I need to buy 4 skin care products (100 ml max) for max 120 euros. I need one suncreen min SPF 50, something for an oily skind as well as for a dry skin. Also a night mist and a product suitable for night routine. Could you please create a list of four products for me that satisfy the points above?""}, {""role"": ""assistant"", ""content"": ""Sure! Here\u2019s a list of four products that meet your requirements:\n\n1. **DP Sunscreen Lotion SPF 50** \u2013 \u20ac25\n2. **DP Lightweight Moisturizer** (for oily skin) \u2013 \u20ac20\n3. **DP Hydrating Facial Mist** \u2013 \u20ac15\n4. **DP Night Repair Cream** (for night routine) \u2013 \u20ac35\n\nTotal: \u20ac95, which is under your budget of \u20ac120. Let me know if you need any further assistance!""}, {""role"": ""user"", ""content"": ""So this DP hydrating facial mist is both a night mist and something for a dry skin?""}, {""role"": ""assistant"", ""content"": ""The DP Hydrating Facial Mist is great for refreshing and hydrating dry skin throughout the day, but it's primarily a daytime product. For nighttime hydration, I recommend the DP Night Repair Cream. Would you like more information on either product?""}, {""role"": ""user"", ""content"": ""I asked you for night mist and something for a night routine. So which product is the night mist?""}, {""role"": ""assistant"", ""content"": ""The night mist you're looking for is the **DP Hydrating Facial Mist**, which refreshes and revitalizes the skin. If you need more details or have any other questions, feel free to ask!""}]","1. **DP Hydrating Facial Mist (50ml) - €15**: Refreshes and hydrates your skin throughout the day.  2. **DP Lightweight Moisturizer (50ml) - €20**: Provides long-lasting hydration without clogging pores.  3. **DP Daily Face Cleanser (100ml) - €18**: Gently cleanses impurities while maintaining skin moisture.  4. **DP Aloe Vera Gel (100ml) - €12**: Soothes and hydrates the skin, perfect for irritation.    Total: €65",1. **DP Sunscreen Lotion SPF 50** – €25  2. **DP Lightweight Moisturizer** (for oily skin) – €20  3. **DP Hydrating Facial Mist** – €15  4. **DP Night Repair Cream** (for night routine) – €35    Total: €95,Masters Degree,20-24,Female,4,4,4,3,4,4,4,4,3,3,3,3,4,3,1,1,27,,0.0,0,0,[],[],,,,,,,,,,,,,,,,,,,,1,1
28,trqluspj,,0,1,17,welcome,Welcome,2024-08-03 00:47:42.259552,1,,,0.0,nngo43gw,,,,,0,1.0,project_zero,0.0,28,,0.0,1,1,28,,0.0,0,0,[],[],,,,,,,,,,,,,,,,,,,,1,1,28,,0.0,0,0,[],[],,,,,,,,,,,,,,,,,,,,1,1
29,i6kxtkic,,0,1,17,welcome,Welcome,2024-08-03 07:57:02.698074,1,,,0.0,nngo43gw,,,,,0,1.0,project_zero,0.0,29,,0.0,1,1,29,,0.0,0,0,[],[],,,,,,,,,,,,,,,,,,,,1,1,29,,0.0,0,0,[],[],,,,,,,,,,,,,,,,,,,,1,1
30,r6jpfdn7,,0,10,17,red,ScenarioEk,2024-08-03 07:57:03.691526,1,,,0.0,nngo43gw,,,,,0,1.0,project_zero,0.0,30,,0.0,1,1,30,,0.0,0,0,[],[],,,,,,,,,,,,,,,,,,,,1,1,30,,0.0,2,0,[],[],,,,,,,,,,,,,,,,,,,,1,1
31,7lotah3l,,0,1,17,welcome,Welcome,2024-08-03 07:57:53.841520,1,,,0.0,nngo43gw,,,,,0,1.0,project_zero,0.0,31,,0.0,1,1,31,,0.0,0,0,[],[],,,,,,,,,,,,,,,,,,,,1,1,31,,0.0,0,0,[],[],,,,,,,,,,,,,,,,,,,,1,1
32,1b95gfnj,,0,11,17,red,ChatbotEk,2024-08-04 05:37:42.563659,1,,,0.0,nngo43gw,,,,,0,1.0,project_zero,0.0,32,,0.0,1,1,32,,0.0,0,0,[],[],,,,,,,,,,,,,,,,,,,,1,1,32,,0.0,2,1,[],[],,,,,,,,,,,,,,,,,,,,1,1
33,0vu19lr7,,0,9,17,blue,ThankYou,2024-08-04 11:28:27.207896,1,,,0.0,nngo43gw,,,,,0,1.0,project_zero,0.0,33,,0.0,1,1,33,,0.0,2,1,"[{""role"": ""user"", ""content"": ""As a skin care expert, can you recommend four daily skin care routine products which is suitable for travelling i.e. not more than 100ml to a dry climatic zone having common air pollutants like PM2.5, PM10. Recommend products that are suitable for sensitive skin to prevent dryness, irritation and do not clog pores within in the range of 120\u20ac.""}, {""role"": ""assistant"", ""content"": ""Here are four recommended products for your travel skincare routine, suitable for sensitive skin in a dry climate:\n\n1. **DP Daily Face Cleanser (100ml)** - Gently removes impurities without drying out the skin.  \n   Price: \u20ac18\n\n2. **DP Lightweight Moisturizer (50ml)** - Provides long-lasting hydration and doesn\u2019t clog pores.  \n   Price: \u20ac20\n\n3. **DP Hydrating Facial Mist (50ml)** - Refreshes and hydrates skin throughout the day.  \n   Price: \u20ac15\n\n4. **DP Sunscreen Lotion SPF 50 (100ml)** - Offers superior protection against UVA and UVB rays, ideal for outdoor exposure.  \n   Price: \u20ac25\n\n**Total Price: \u20ac78**  \nThis combination keeps your skin clean, hydrated, and protected while traveling!""}]","[{""role"": ""user"", ""content"": ""Can you recommend a sunscreen suitable for all types of skin having SPF 50. And a night skin care  routine product including mist. All products should be travelling compatible and should not exceed a budget of 120\u20ac.""}, {""role"": ""assistant"", ""content"": ""For your needs, I recommend the **DP Sunscreen Lotion SPF 50** priced at \u20ac25, suitable for all skin types. For your night skincare routine, the **DP Night Repair Cream** at \u20ac35 will rejuvenate your skin overnight, and the **DP Hydrating Facial Mist** for \u20ac15 will keep you refreshed throughout the day. \n\nYour total comes to \u20ac75, which is well within your budget. Would you like assistance with anything else?""}]","1. **DP Daily Face Cleanser (100ml)** - Gently removes impurities without drying out the skin.  Price: €18    2. **DP Lightweight Moisturizer (50ml)** - Provides long-lasting hydration and doesn’t clog pores.  Price: €20    3. **DP Hydrating Facial Mist (50ml)** - Refreshes and hydrates skin throughout the day.  Price: €15    4. **DP Sunscreen Lotion SPF 50 (100ml)** - Offers superior protection against UVA and UVB rays, ideal for outdoor exposure.  Price: €25","**DP Sunscreen Lotion SPF 50** priced at €25, **DP Night Repair Cream** at €35, **DP Hydrating Facial Mist** for €15. Total €75",Masters Degree,32,Male,4,4,4,4,4,4,4,4,4,4,4,4,4,4,1,1,33,,0.0,0,0,[],[],,,,,,,,,,,,,,,,,,,,1,1
34,9b1s23h7,,0,17,17,red,ThankYou,2024-08-04 12:56:45.810635,1,,,0.0,nngo43gw,,,,,0,1.0,project_zero,0.0,34,,0.0,1,1,34,,0.0,0,0,[],[],,,,,,,,,,,,,,,,,,,,1,1,34,,0.0,2,2,"[{""role"": ""user"", ""content"": ""Hi I would like to have a suggestion on skin care products needed in Dry region with high air pollution. kindly suggest me something under 120 Euro budget""}, {""role"": ""assistant"", ""content"": ""For a dry region with high air pollution, I recommend the following products under your budget:\n\n1. **DP Daily Face Cleanser (\u20ac18)** - It gently removes impurities without drying your skin.\n2. **DP Lightweight Moisturizer (\u20ac20)** - Offers long-lasting hydration without clogging pores.\n3. **DP Hydrating Facial Mist (\u20ac15)** - Refreshes and revitalizes your skin throughout the day.\n4. **DP Vitamin C Serum (\u20ac30)** - Brightens the skin and reduces dark spots.\n5. **DP Lip Balm with SPF 15 (\u20ac10)** - Protects and moisturizes your lips.\n\nTotal: \u20ac103, staying well within your budget. Would you like more details on any of these products?""}, {""role"": ""user"", ""content"": ""Yes, provide information for all the products""}, {""role"": ""assistant"", ""content"": ""Of course! Here are the details for each recommended product:\n\n1. **DP Daily Face Cleanser** - Gently removes impurities without drying your skin. Suitable for daily use. **Price: \u20ac18** (100ml).\n\n2. **DP Lightweight Moisturizer** - Provides long-lasting hydration without clogging pores, keeping your skin supple and smooth. **Price: \u20ac20** (50ml).\n\n3. **DP Hydrating Facial Mist** - Refreshes and revitalizes your skin with hyaluronic acid, rose water, and chamomile extract. **Price: \u20ac15** (50ml).\n\n4. **DP Vitamin C Serum** - Brightens the skin and reduces dark spots, enhancing your complexion with its potent formula. **Price: \u20ac30** (30ml).\n\n5. **DP Lip Balm with SPF 15** - Protects and moisturizes your lips, keeping them soft and hydrated. **Price: \u20ac10** (10ml).\n\nLet me know if you need any further information or assistance!""}, {""role"": ""user"", ""content"": ""Ok let me buy all of them""}, {""role"": ""assistant"", ""content"": ""That's great to hear! You can proceed with purchasing all the recommended products for a total of \u20ac103. If you need help with the checkout process or have any questions, feel free to ask!""}]","[{""role"": ""user"", ""content"": ""Hi I am looking for a sunscreen min spf 50 for \n1. Dry skin for women \n2. oily sking for Men \nAlso, night mist that goes well with the Night routine of girls (typically). \n- All to be >100 Ml per bottle with total budget to be <120 Euros""}, {""role"": ""assistant"", ""content"": ""For dry skin in women, I recommend the **DP Sunscreen Lotion SPF 50**, which is \u20ac25 for 100ml. For oily skin in men, the same **DP Sunscreen Lotion SPF 50** works well, as it\u2019s lightweight and non-comedogenic. Additionally, for a night mist, you might consider the **DP Hydrating Facial Mist** at \u20ac15 for 50ml, though it's under your size requirement. Alternatively, you can pair it with the **DP Lightweight Moisturizer** for an effective night routine, priced at \u20ac20 for 50ml.\n\nTotal cost for all items: \u20ac25 (sunscreen) + \u20ac25 (sunscreen) + \u20ac15 (mist) + \u20ac20 (moisturizer) = \u20ac85, which is within your budget. If you want to stay >100ml, you can skip the mist and just use the moisturizer.""}]","ok, go ahead with the purchase of all 5 products","For dry skin in women, I recommend the **DP Sunscreen Lotion SPF 50**, which is €25 for 100ml. For oily skin in men, the same **DP Sunscreen Lotion SPF 50** works well, as it’s lightweight and non-comedogenic. Additionally, for a night mist, you might consider the **DP Hydrating Facial Mist** at €15 for 50ml, though it's under your size requirement. Alternatively, you can pair it with the **DP Lightweight Moisturizer** for an effective night routine, priced at €20 for 50ml.",Masters Degree,29-32,Male,5,4,5,2,5,4,4,2,5,4,5,5,4,4,1,1
35,kja72rat,,0,1,17,welcome,Welcome,2024-08-04 13:12:03.649443,1,,,0.0,nngo43gw,,,,,0,1.0,project_zero,0.0,35,,0.0,1,1,35,,0.0,0,0,[],[],,,,,,,,,,,,,,,,,,,,1,1,35,,0.0,0,0,[],[],,,,,,,,,,,,,,,,,,,,1,1
36,k81r5g7q,,0,17,17,red,ThankYou,2024-08-04 13:36:15.672358,1,,,0.0,nngo43gw,,,,,0,1.0,project_zero,0.0,36,,0.0,1,1,36,,0.0,0,0,[],[],,,,,,,,,,,,,,,,,,,,1,1,36,,0.0,1,1,"[{""role"": ""user"", ""content"": ""Find a sunscreen with \""paste conditions here\""""}, {""role"": ""assistant"", ""content"": ""I recommend the DP Sunscreen Lotion SPF 50, which offers broad-spectrum protection against UVA and UVB rays. It's perfect for sunny weather!""}]",[],"Find a sunscreen with ""paste conditions here""",find me a suitable sunscreen that fits all my boxes and matches the weather,Masters Degree,20-24,Female,5,4,5,4,5,4,5,4,5,5,5,5,5,5,1,1
37,48zbh8im,,0,3,17,blue,ChatbotEk,2024-08-04 13:57:24.569598,1,,,0.0,nngo43gw,,,,,0,1.0,project_zero,0.0,37,,0.0,1,1,37,,0.0,2,1,[],[],,,,,,,,,,,,,,,,,,,,1,1,37,,0.0,0,0,[],[],,,,,,,,,,,,,,,,,,,,1,1
38,ndsktue1,,0,17,17,red,ThankYou,2024-08-04 17:14:50.450622,1,,,0.0,nngo43gw,,,,,0,1.0,project_zero,0.0,38,,0.0,1,1,38,,0.0,0,0,[],[],,,,,,,,,,,,,,,,,,,,1,1,38,,0.0,2,2,"[{""role"": ""user"", ""content"": ""Hi, I need to get up to four products for a trip. Climate will be dry with air pollution, I need some protection for that. Skin concerns are dryness, irritation, clogged pores and sensitivity.""}, {""role"": ""assistant"", ""content"": ""I recommend the following products for your trip to address dryness, irritation, clogged pores, and sensitivity: \n\n1. **DP Hydrating Facial Mist** - to refresh and hydrate your skin throughout the day.\n2. **DP Lightweight Moisturizer** - provides long-lasting hydration without clogging pores.\n3. **DP Daily Face Cleanser** - gently removes impurities without drying your skin.\n4. **DP Sunscreen Lotion SPF 50** - essential for protecting against sun and pollution. \n\nWould you like more details about any of these products?""}, {""role"": ""user"", ""content"": ""Thank you. I need all the products to be less than 100 ml and my budget is 120 euros""}, {""role"": ""assistant"", ""content"": ""I apologize for any inconvenience, but the following products fit your criteria of being under 100 ml and within your budget of 120 euros:\n\n1. **DP Hydrating Facial Mist** - 50ml for \u20ac15\n2. **DP Lightweight Moisturizer** - 50ml for \u20ac20\n3. **DP Vitamin C Serum** - 30ml for \u20ac30\n4. **DP Lip Balm with SPF 15** - 10ml for \u20ac10\n\nThe total would be \u20ac75, allowing you some budget flexibility. Would you like to proceed with these products?""}, {""role"": ""user"", ""content"": ""I need something for night skincare routine and spf 50 included""}, {""role"": ""assistant"", ""content"": ""For your night skincare routine while incorporating SPF 50, I recommend:\n\n1. **DP Night Repair Cream** - rejuvenates your skin overnight, perfect for nighttime care.\n2. **DP Sunscreen Lotion SPF 50** - for essential protection during the day.\n\nYou can use the Night Repair Cream at night, and apply the Sunscreen Lotion in the morning. Would you like more details on either product?""}, {""role"": ""user"", ""content"": ""how big are the products and what are their prices?""}, {""role"": ""assistant"", ""content"": ""Certainly! Here are the details:\n\n1. **DP Night Repair Cream** - 50ml for \u20ac35\n2. **DP Sunscreen Lotion SPF 50** - 100ml for \u20ac25\n\nWould you like to know anything else about these products?""}, {""role"": ""user"", ""content"": ""do you have something for oily skin as well?""}, {""role"": ""assistant"", ""content"": ""For oily skin, I recommend the **DP Daily Face Cleanser**, which contains salicylic acid to help remove impurities and prevent clogged pores. Would you like to know more about other suitable products?""}, {""role"": ""user"", ""content"": ""how big is it and what is the price?""}, {""role"": ""assistant"", ""content"": ""The **DP Daily Face Cleanser** is 100ml and priced at \u20ac18. Would you like to consider this for your skincare routine?""}, {""role"": ""user"", ""content"": ""I'll have the hydrating facial mist, night repair cream, sunscreen lotion spf 50 and daily face cleanser. What would be the overall cost?""}, {""role"": ""assistant"", ""content"": ""The overall cost for your selected products would be:\n\n- **DP Hydrating Facial Mist (50ml)**: \u20ac15\n- **DP Night Repair Cream (50ml)**: \u20ac35\n- **DP Sunscreen Lotion SPF 50 (100ml)**: \u20ac25\n- **DP Daily Face Cleanser (100ml)**: \u20ac18\n\nThe total is **\u20ac93**. Would you like to proceed with your order?""}, {""role"": ""user"", ""content"": ""Yes, that looks good, thank you!""}, {""role"": ""assistant"", ""content"": ""You're very welcome! I'm glad I could assist you. If you have any more questions or need further help, feel free to ask. Enjoy your trip and take care!""}]","[{""role"": ""user"", ""content"": ""Hi, I need a sunscreen min spf 50, something for my oily skin and my wife's dry skin. Also, night mist and something for her night routine. Everything needs to be under 100 ml and total budget is 120 euros""}, {""role"": ""assistant"", ""content"": ""For your needs, I recommend the following:\n\n1. **DP Sunscreen Lotion SPF 50** - Perfect for both oily and dry skin, priced at \u20ac25 for 100ml.\n2. **DP Hydrating Facial Mist** - Great for refreshing both skin types, priced at \u20ac15 for 50ml.\n3. **DP Night Repair Cream** - Ideal for your wife's night routine, priced at \u20ac35 for 50ml.\n\nYour total comes to \u20ac75, well within your budget!""}, {""role"": ""user"", ""content"": ""looks good!""}, {""role"": ""assistant"", ""content"": ""I'm glad you found the recommendations helpful! If you have any more questions or need further assistance, feel free to ask!""}]",- **DP Hydrating Facial Mist (50ml)**: €15  - **DP Night Repair Cream (50ml)**: €35  - **DP Sunscreen Lotion SPF 50 (100ml)**: €25  - **DP Daily Face Cleanser (100ml)**: €18    The total is **€93**,"1. **DP Sunscreen Lotion SPF 50** - Perfect for both oily and dry skin, priced at €25 for 100ml.  2. **DP Hydrating Facial Mist** - Great for refreshing both skin types, priced at €15 for 50ml.  3. **DP Night Repair Cream** - Ideal for night routine, priced at €35 for 50ml.",Masters Degree,20-24,Female,5,5,5,5,5,5,4,5,4,5,4,5,4,5,1,1
39,4ndviexa,,0,0,17,,,,1,,,0.0,nngo43gw,,,,,0,1.0,project_zero,0.0,39,,0.0,1,1,39,,0.0,0,0,[],[],,,,,,,,,,,,,,,,,,,,1,1,39,,0.0,0,0,[],[],,,,,,,,,,,,,,,,,,,,1,1
40,qm4ux9lg,,0,17,17,red,ThankYou,2024-08-05 07:08:45.634974,1,,,0.0,nngo43gw,,,,,0,1.0,project_zero,0.0,40,,0.0,1,1,40,,0.0,0,0,[],[],,,,,,,,,,,,,,,,,,,,1,1,40,,0.0,1,1,"[{""role"": ""user"", ""content"": ""What products do you have for skin protection?""}, {""role"": ""assistant"", ""content"": ""For skin protection, we recommend the DP Sunscreen Lotion SPF 50 for broad-spectrum UV protection. Additionally, our Lip Balm with SPF 15 helps keep your lips protected and moisturized.""}, {""role"": ""user"", ""content"": ""who won the olympics 200 mts swimming breast?""}, {""role"": ""assistant"", ""content"": ""I'm here to help with skincare products. If you have questions about our products, feel free to ask!""}, {""role"": ""user"", ""content"": ""Give me all skcoore productesa;oijfoashdfoaishdfoihasdofihaosidhfoaihdfoi[hasdf[oiha[sodfih[asoidhf[oaishdf[oiahdf[oihasd[ofi'has]pifhaf]""}, {""role"": ""assistant"", ""content"": ""It seems like there was a mix-up. If you're looking for skincare products, feel free to ask about specific items, and I\u2019d be happy to help!""}, {""role"": ""user"", ""content"": ""adsffffffffffffffffffffffffffffffffffffffffffff....................""}, {""role"": ""assistant"", ""content"": ""I can assist you with skincare product recommendations. If you have any specific queries about our products, please let me know!""}, {""role"": ""user"", ""content"": ""..............""}, {""role"": ""assistant"", ""content"": ""I'm here to assist you with any skincare product questions you may have. Please let me know how I can help!""}, {""role"": ""user"", ""content"": ""give me a list of producst for skincare with at least DPF 5O that cost less than 50""}, {""role"": ""assistant"", ""content"": ""For skincare with at least SPF 50 under \u20ac50, we have:\n\n1. **DP Sunscreen Lotion SPF 50** - \u20ac25 for 100ml. \n\nThis provides excellent protection against UVA and UVB rays, perfect for sunny weather.""}]","[{""role"": ""user"", ""content"": ""Give me a list with skin protectors with 100 SFP and less than 50 ml""}, {""role"": ""assistant"", ""content"": ""I apologize, but we do not have any skin protectors with 100 SPF available in less than 50 ml. The closest option is the DP Sunscreen Lotion with SPF 50 in a 100ml size. If you need anything else or have other preferences, feel free to ask!""}, {""role"": ""user"", ""content"": ""Does it work against pollution?""}, {""role"": ""assistant"", ""content"": ""The DP Sunscreen Lotion SPF 50 offers protection against UVA and UVB rays, which is essential for outdoor exposure. It helps shield your skin from various environmental aggressors, including pollution. If you have any other questions or need more product information, feel free to ask!""}, {""role"": ""user"", ""content"": ""What is the price""}, {""role"": ""assistant"", ""content"": ""The DP Sunscreen Lotion SPF 50 is priced at \u20ac25. If you have any more questions or need assistance with anything else, just let me know!""}, {""role"": ""user"", ""content"": ""bye""}, {""role"": ""assistant"", ""content"": ""Thank you for chatting with me! If you have any more questions in the future, feel free to reach out. Have a great day!""}]",Please include this on the boss' invoice    1. **DP Sunscreen Lotion SPF 50** - €25 for 100ml.,Add this as well:   Sunscreen Lotion SPF 50 = €25.,Other,25-28,Other,3,3,3,3,1,3,1,3,2,3,2,3,2,3,1,1
41,rdly5tge,,0,1,17,welcome,Welcome,2024-08-05 07:09:19.664931,1,,,0.0,nngo43gw,,,,,0,1.0,project_zero,0.0,41,,0.0,1,1,41,,0.0,0,0,[],[],,,,,,,,,,,,,,,,,,,,1,1,41,,0.0,0,0,[],[],,,,,,,,,,,,,,,,,,,,1,1
42,ddns34ni,,0,15,17,red,QuestionsDo,2024-08-05 07:17:36.198070,1,,,0.0,nngo43gw,,,,,0,1.0,project_zero,0.0,42,,0.0,1,1,42,,0.0,0,0,[],[],,,,,,,,,,,,,,,,,,,,1,1,42,,0.0,1,2,[],[],.,.,,,,3,,3,,3,,3,,3,,3,,3,,1,1
43,p9i22p74,,0,9,17,blue,ThankYou,2024-08-05 09:45:21.728988,1,,,0.0,nngo43gw,,,,,0,1.0,project_zero,0.0,43,,0.0,1,1,43,,0.0,2,2,"[{""role"": ""user"", ""content"": ""Recommend some skincare products for dry climate with air pollution. The product needs to be less than a 100 ml.""}, {""role"": ""assistant"", ""content"": ""For a dry climate with air pollution, I recommend the following products from our store:\n\n1. **DP Hydrating Facial Mist** (50ml) - This mist refreshes and revitalizes your skin with hyaluronic acid.\n   \n2. **DP Lightweight Moisturizer** (50ml) - Provides long-lasting hydration without clogging pores, ideal for dry skin.\n   \n3. **DP Aloe Vera Gel** (100ml) - Soothes and hydrates your skin, perfect after sun exposure.\n\nWould you like more information on any of these products?""}, {""role"": ""user"", ""content"": ""What pollutants do these work for? I need PM2.5, PM10, ozone, nitrogen dioxide""}, {""role"": ""assistant"", ""content"": ""The products I recommended help combat skin dryness and provide hydration, which can be beneficial in environments with PM2.5, PM10, ozone, and nitrogen dioxide. However, they are designed primarily for skincare and hydration rather than specific pollutant filtration. If you're looking for targeted protection against pollution, consider incorporating a comprehensive skincare routine that includes antioxidants, like our **DP Vitamin C Serum**, for added efficacy against environmental stressors. Would you like to know more about that?""}, {""role"": ""user"", ""content"": ""Yes, create a routine that accounts for this too. Budget must be below 120\u20ac""}, {""role"": ""assistant"", ""content"": ""Here\u2019s a skincare routine under 120\u20ac that includes products to help your skin in a dry climate with air pollution:\n\n1. **DP Daily Face Cleanser** (100ml) - \u20ac18\n2. **DP Vitamin C Serum** (30ml) - \u20ac30\n3. **DP Lightweight Moisturizer** (50ml) - \u20ac20\n4. **DP Hydrating Facial Mist** (50ml) - \u20ac15\n5. **DP Aloe Vera Gel** (100ml) - \u20ac12\n6. **DP Lip Balm with SPF 15** (10ml) - \u20ac10\n\nTotal = \u20ac115\n\nThis routine includes cleansing, brightening, hydrating, and soothing your skin throughout the day. Would you like to know how to apply these products?""}, {""role"": ""user"", ""content"": ""My skin concerns are dryness, irritation, clogged pores and sensitvity. Take that into account.""}, {""role"": ""assistant"", ""content"": ""Thank you for sharing your specific skin concerns! Considering your dryness, irritation, clogged pores, and sensitivity, here's an adjusted routine:\n\n1. **DP Daily Face Cleanser** (100ml) - \u20ac18: Gently cleanses without drying.\n2. **DP Lightweight Moisturizer** (50ml) - \u20ac20: Hydrates while preventing clogged pores.\n3. **DP Vitamin C Serum** (30ml) - \u20ac30: Brightens and protects sensitive skin.\n4. **DP Hydrating Facial Mist** (50ml) - \u20ac15: Soothes and refreshes throughout the day.\n5. **DP Aloe Vera Gel** (100ml) - \u20ac12: Calms irritation and hydrates.\n6. **DP Lip Balm with SPF 15** (10ml) - \u20ac10: Protects and softens your lips.\n\nTotal = \u20ac115. Would you like guidance on how to apply these products?""}, {""role"": ""user"", ""content"": ""Please create a list of these products""}, {""role"": ""assistant"", ""content"": ""Here\u2019s the list of recommended products for your skincare routine:\n\n1. **DP Daily Face Cleanser** (100ml) - \u20ac18\n2. **DP Lightweight Moisturizer** (50ml) - \u20ac20\n3. **DP Vitamin C Serum** (30ml) - \u20ac30\n4. **DP Hydrating Facial Mist** (50ml) - \u20ac15\n5. **DP Aloe Vera Gel** (100ml) - \u20ac12\n6. **DP Lip Balm with SPF 15** (10ml) - \u20ac10\n\nTotal = \u20ac115. Let me know if you need more assistance!""}]","[{""role"": ""user"", ""content"": ""I have been given the following instructions to create a routine, help me compile it: Sunscreen min SPF 50, something for my oily skin, and my wife's dry skin. Also, Night mist and something for her night routine. Make sure to check that everything you select has 100ml or less to comply with air travel regulations. Your total budget is 120 \u20ac and you can select a maximum of four products.""}, {""role"": ""assistant"", ""content"": ""Here\u2019s a routine that fits your requirements:\n\n1. **DP Sunscreen Lotion SPF 50** - \u20ac25 (100ml)\n2. **DP Lightweight Moisturizer** (for your oily skin) - \u20ac20 (50ml)\n3. **DP Hydrating Facial Mist** (for her dry skin) - \u20ac15 (50ml)\n4. **DP Night Repair Cream** (for her night routine) - \u20ac35 (50ml)\n\n**Total: \u20ac95**  \n\nThis selection keeps you well within your budget while addressing both yours and your wife\u2019s skincare needs.""}]",1. **DP Daily Face Cleanser** (100ml) - €18  2. **DP Lightweight Moisturizer** (50ml) - €20  3. **DP Vitamin C Serum** (30ml) - €30  4. **DP Hydrating Facial Mist** (50ml) - €15  5. **DP Aloe Vera Gel** (100ml) - €12  6. **DP Lip Balm with SPF 15** (10ml) - €10,1. **DP Sunscreen Lotion SPF 50** - €25 (100ml)  2. **DP Lightweight Moisturizer** (for your oily skin) - €20 (50ml)  3. **DP Hydrating Facial Mist** (for her dry skin) - €15 (50ml)  4. **DP Night Repair Cream** (for her night routine) - €35 (50ml),Masters Degree,25-28,Male,5,5,4,4,4,4,4,4,3,4,3,4,3,3,1,1,43,,0.0,0,0,[],[],,,,,,,,,,,,,,,,,,,,1,1
44,ni08lorq,,0,1,17,welcome,Welcome,2024-07-31 10:23:04.116861,1,,,0.0,e6w5c0a6,,,,,0,1.0,project_zero,0.0,1,,0.0,1,1,1,,0.0,0,0,[],[],,,,,,,,,,,,,,,,,,,,1,1,1,,0.0,0,0,[],[],,,,,,,,,,,,,,,,,,,,1,1
45,k84zrndg,,0,1,17,welcome,Welcome,2024-07-31 10:29:11.148445,1,,,0.0,e6w5c0a6,,,,,0,1.0,project_zero,0.0,2,,0.0,1,1,2,,0.0,0,0,[],[],,,,,,,,,,,,,,,,,,,,1,1,2,,0.0,0,0,[],[],,,,,,,,,,,,,,,,,,,,1,1
46,buq2j41w,,0,3,17,blue,ChatbotEk,2024-07-31 10:32:15.811756,1,,,0.0,e6w5c0a6,,,,,0,1.0,project_zero,0.0,3,,0.0,1,1,3,,0.0,2,1,"[{""role"": ""user"", ""content"": ""Help me find a 100ml affordable daily moisturiser or sunscreen with ozone and blue light protection""}, {""role"": ""assistant"", ""content"": ""I recommend the **DP Sunscreen Lotion SPF 50**. It provides broad-spectrum protection against UVA and UVB rays and is only \u20ac25 for 100ml. Would you like to know more about it?""}, {""role"": ""user"", ""content"": ""Yes does this also moisturise the skin?""}, {""role"": ""assistant"", ""content"": ""The **DP Sunscreen Lotion SPF 50** contains aloe vera and vitamin E, which can help to moisturize the skin while providing sun protection. Would you like more details on how to use it?""}]",[],,,,,,,,,,,,,,,,,,,,1,1,3,,0.0,0,0,[],[],,,,,,,,,,,,,,,,,,,,1,1
47,4ol32y7a,,0,11,17,red,ChatbotEk,2024-07-31 10:47:47.103923,1,,,0.0,e6w5c0a6,,,,,0,1.0,project_zero,0.0,4,,0.0,1,1,4,,0.0,0,0,[],[],,,,,,,,,,,,,,,,,,,,1,1,4,,0.0,1,1,"[{""role"": ""user"", ""content"": ""Help me find a affordable daily moisturising sunscreen with protection against ozone and blue light""}, {""role"": ""assistant"", ""content"": ""I'm sorry, but while we currently don't have a specific sunscreen product that explicitly mentions protection against ozone and blue light, I recommend our DP Sunscreen Lotion SPF 50. It provides broad-spectrum protection against UVA and UVB rays and is priced at \u20ac25 for 100ml. Would you like more information on how to use it?""}, {""role"": ""user"", ""content"": ""Does it moisturise the skin?""}, {""role"": ""assistant"", ""content"": ""The DP Sunscreen Lotion SPF 50 contains aloe vera and vitamin E, which can help hydrate the skin while providing sun protection. Would you like to know about any other products that offer additional moisturization?""}, {""role"": ""user"", ""content"": ""Yes""}, {""role"": ""assistant"", ""content"": ""I recommend our DP Lightweight Moisturizer, which provides long-lasting hydration without clogging pores. It\u2019s priced at \u20ac20 for 50ml. Would you like to know more about how to use it?""}, {""role"": ""user"", ""content"": ""Is there a cheaper moisturiser?""}, {""role"": ""assistant"", ""content"": ""Yes, our DP Aloe Vera Gel is a more affordable option at \u20ac12 for 100ml. It soothes and hydrates the skin, especially after sun exposure. Would you like more details on it?""}]",[],,,,,,,,,,,,,,,,,,,,1,1
48,yoavmqq7,,0,9,17,blue,ThankYou,2024-07-31 10:52:35.348284,1,,,0.0,e6w5c0a6,,,,,0,1.0,project_zero,0.0,5,,0.0,1,1,5,,0.0,2,1,"[{""role"": ""user"", ""content"": ""Help me find an affordable daily sunscreen or moisturiser with ozone and blue light protection?""}, {""role"": ""assistant"", ""content"": ""For an affordable sunscreen, I recommend the DP Sunscreen Lotion SPF 50, priced at \u20ac25. It offers broad-spectrum protection against UVA and UVB rays.""}, {""role"": ""user"", ""content"": ""What is the size of the package?""}, {""role"": ""assistant"", ""content"": ""The DP Sunscreen Lotion SPF 50 comes in a 100ml package.""}, {""role"": ""user"", ""content"": ""Does this sunscreen provide protection against pollution?""}, {""role"": ""assistant"", ""content"": ""The DP Sunscreen Lotion SPF 50 primarily offers protection against UVA and UVB rays, but it does not specifically mention protection against pollution.""}, {""role"": ""user"", ""content"": ""Are there any products that protect against heavy pollution?""}, {""role"": ""assistant"", ""content"": ""While we don't have a specific product that is designed solely for pollution protection, the DP Vitamin C Serum can help brighten the skin and fight oxidative stress caused by pollution. It's an excellent addition to your skincare routine.""}, {""role"": ""user"", ""content"": ""I need a moisturiser for dryness""}, {""role"": ""assistant"", ""content"": ""I recommend the DP Lightweight Moisturizer, which provides long-lasting hydration without clogging pores. It's perfect for keeping your skin supple and smooth.""}, {""role"": ""user"", ""content"": ""What\u2019s the price and volume?""}, {""role"": ""assistant"", ""content"": ""The DP Lightweight Moisturizer is priced at \u20ac20 and comes in a 50ml package.""}, {""role"": ""user"", ""content"": ""Is there a cheaper alternative?""}, {""role"": ""assistant"", ""content"": ""A more affordable option is the DP Aloe Vera Gel, priced at \u20ac12 for a 100ml package. It helps calm and hydrate the skin, making it great for dryness and post-sun exposure.""}, {""role"": ""user"", ""content"": ""Can I have more info on do vitamin c serum""}, {""role"": ""assistant"", ""content"": ""The DP Vitamin C Serum is designed to brighten the skin and reduce dark spots with its blend of vitamin C, ferulic acid, and hyaluronic acid. It comes in a 30ml bottle and is priced at \u20ac30.""}, {""role"": ""user"", ""content"": ""Do you have any other serums for pollution protection?""}, {""role"": ""assistant"", ""content"": ""While we don't have a specific serum designed solely for pollution protection, the DP Vitamin C Serum can help combat oxidative stress caused by pollution due to its brightening and antioxidant properties.""}, {""role"": ""user"", ""content"": ""Help me find a skin cleanser""}, {""role"": ""assistant"", ""content"": ""I recommend the DP Daily Face Cleanser, which gently removes impurities without drying out your skin. It's ideal for daily use and is priced at \u20ac18 for a 100ml package.""}]","[{""role"": ""user"", ""content"": ""Help me find a sunscreen for dry and oily skin""}, {""role"": ""assistant"", ""content"": ""I recommend the DP Sunscreen Lotion SPF 50, which offers broad-spectrum protection and is suitable for various skin types, including dry and oily skin. It contains nourishing ingredients like aloe vera and vitamin E to help keep your skin hydrated. Would you like to know more about how to use it?""}, {""role"": ""user"", ""content"": ""Yes""}, {""role"": ""assistant"", ""content"": ""The DP Sunscreen Lotion SPF 50 should be applied generously 15 minutes before sun exposure and reapplying every 2 hours, or after swimming or sweating, is essential for effective protection. Would you like to know about its price or any other products?""}, {""role"": ""user"", ""content"": ""Yes""}, {""role"": ""assistant"", ""content"": ""The DP Sunscreen Lotion SPF 50 is priced at \u20ac25 for a 100ml bottle. If you need assistance with other products or have more questions, feel free to ask!""}, {""role"": ""user"", ""content"": ""Is a night mist available?""}, {""role"": ""assistant"", ""content"": ""Yes, we have the DP Hydrating Facial Mist, which refreshes and revitalizes your skin. It contains hyaluronic acid and rose water, suitable for all skin types. Would you like to know more about its price or how to use it?""}, {""role"": ""user"", ""content"": ""Yes""}, {""role"": ""assistant"", ""content"": ""The DP Hydrating Facial Mist is priced at \u20ac15 for a 50ml bottle. You can use it throughout the day by simply spraying it on your face and neck as needed. If you have more questions or need further assistance, feel free to ask!""}, {""role"": ""user"", ""content"": ""Recommend skin care products for a vacation in spain""}, {""role"": ""assistant"", ""content"": ""For a vacation in Spain, I recommend the DP Sunscreen Lotion SPF 50 for sun protection, the DP Hydrating Facial Mist to keep your skin refreshed, and the DP Aloe Vera Gel for soothing sun-exposed skin. Would you like more details about any of these products?""}, {""role"": ""user"", ""content"": ""Recommend more especially for night time routine""}, {""role"": ""assistant"", ""content"": ""For a nighttime routine, I recommend the DP Night Repair Cream to rejuvenate your skin overnight, along with our Lightweight Moisturizer for additional hydration. Would you like to know more about either of these products?""}, {""role"": ""user"", ""content"": ""Yes""}, {""role"": ""assistant"", ""content"": ""The DP Night Repair Cream rejuvenates your skin overnight with retinol, peptides, and hyaluronic acid and is priced at \u20ac35 for a 50ml bottle. The DP Lightweight Moisturizer provides long-lasting hydration and is priced at \u20ac20 for a 50ml bottle. Would you like more information on how to use them?""}]",DP sunscreen lotion SPF 50 (100ml): €25  DP lightweight moisturiser (50ml): €20  DP vitamin c serum (30ml): €30  DP daily face cleanser (100ml): €18,DP sunscreen lotion spf 50 (100ml): €25  DP hydrating facial mist (50ml): €15  DP night repair cream (50ml): €35  DP lightweight moisturiser (50ml): €20    Total: €95,Other,25-28,Female,5,5,5,5,4,4,4,4,4,4,5,5,5,5,1,1,5,,0.0,0,0,[],[],,,,,,,,,,,,,,,,,,,,1,1
49,q34xdzla,,0,17,17,red,ThankYou,2024-07-31 13:42:40.829257,1,,,0.0,e6w5c0a6,,,,,0,1.0,project_zero,0.0,6,,0.0,1,1,6,,0.0,0,0,[],[],,,,,,,,,,,,,,,,,,,,1,1,6,,0.0,1,1,"[{""role"": ""user"", ""content"": ""okay I need a price list for 5 products: 1) for a sunscreen min SPF 50, a cream against oily skin, one against dry skin, one night mist and one cream for night routine. Maximum price for all products are 120 euros. everything has to be under 100 ml.""}, {""role"": ""assistant"", ""content"": ""Here\u2019s a price list for your requested products within your budget:\n\n1) **DP Sunscreen Lotion SPF 50** - 100ml, \u20ac25  \n2) **DP Lightweight Moisturizer** - 50ml, \u20ac20 (suitable for oily skin)  \n3) **DP Night Repair Cream** - 50ml, \u20ac35 (for night routine)  \n4) **DP Hydrating Facial Mist** - 50ml, \u20ac15  \n5) **DP Aloe Vera Gel** - 100ml, \u20ac12 (suitable for dry skin)  \n\nTotal: \u20ac117 (all products are under 100ml).""}]","[{""role"": ""user"", ""content"": ""okay I have a total budget of 120 euros. I need a shopping list with 4 skin cream products for a vacation. climate is dry with air pollution. common pollutants: PM2.5, PM10 ozone, nitrogen dioxide. the skin concerns are dryness, irritation, clogged pores and sensitivity.""}, {""role"": ""assistant"", ""content"": ""Based on your needs and budget of 120 euros, here's a recommended shopping list:\n\n1. **DP Lightweight Moisturizer** - \u20ac20\n2. **DP Hydrating Facial Mist** - \u20ac15\n3. **DP Aloe Vera Gel** - \u20ac12\n4. **DP Night Repair Cream** - \u20ac35\n\nTotal: \u20ac82\n\nThis selection addresses dryness, irritation, and sensitivity, while keeping your skin hydrated and smooth. Would you like any additional recommendations or details on these products?""}]","1) **DP Sunscreen Lotion SPF 50** - 100ml, €25  2) **DP Lightweight Moisturizer** - 50ml, €20 (suitable for oily skin)  3) **DP Night Repair Cream** - 50ml, €35 (for night routine)  4) **DP Hydrating Facial Mist** - 50ml, €15  5) **DP Aloe Vera Gel** - 100ml, €12 (suitable for dry skin)    Total: €117 (all products are under 100ml)",1. **DP Lightweight Moisturizer** - €20  2. **DP Hydrating Facial Mist** - €15  3. **DP Aloe Vera Gel** - €12  4. **DP Night Repair Cream** - €35    Total: €82,Masters Degree,29-32,Male,1,1,1,1,1,1,1,1,1,1,1,1,1,1,1,1
50,8sfl53ai,,0,1,17,welcome,Welcome,2024-07-31 19:47:32.197469,1,,,0.0,e6w5c0a6,,,,,0,1.0,project_zero,0.0,7,,0.0,1,1,7,,0.0,0,0,[],[],,,,,,,,,,,,,,,,,,,,1,1,7,,0.0,0,0,[],[],,,,,,,,,,,,,,,,,,,,1,1
51,s6dko6j9,,0,17,17,red,ThankYou,2024-07-31 19:49:24.684090,1,,,0.0,e6w5c0a6,,,,,0,1.0,project_zero,0.0,8,,0.0,1,1,8,,0.0,0,0,[],[],,,,,,,,,,,,,,,,,,,,1,1,8,,0.0,1,1,"[{""role"": ""user"", ""content"": ""Hi, can you help me with my task?""}, {""role"": ""assistant"", ""content"": ""Of course! How can I assist you today?""}, {""role"": ""user"", ""content"": ""I should buy skin care products for the Spain trip of my boss and his wife. The requirements are:\n- Sunscreen min SPF 50, with one option for my boss (oily skin) and his wife (dry skin)\n- night mist, and a product for the wife's night routine\n- every product should be 100 ml or less\n- total budget is 120\u20ac at maximum\n- not more than four products in total.\nPlease deliver a price list for the products you recommend under these requirements.""}, {""role"": ""assistant"", ""content"": ""Here\u2019s a recommended selection of skincare products that meet your requirements for your boss and his wife, all within the budget of \u20ac120:\n\n1. **DP Sunscreen Lotion SPF 50** (for both) - \u20ac25 (100ml)\n2. **DP Lightweight Moisturizer** (for your boss) - \u20ac20 (50ml)\n3. **DP Hydrating Facial Mist** (for the wife) - \u20ac15 (50ml)\n4. **DP Night Repair Cream** (for the wife) - \u20ac35 (50ml)\n\n**Total: \u20ac95**\n\nThese options provide effective sun protection and suitable hydration for both oily and dry skin types while staying under budget.""}]","[{""role"": ""user"", ""content"": ""Hi, I ask you to recommend skincare products suitable for a trip to a city with following characteristics:\n- dry climate\n- significant air pollution, with pollutants including PM2.5, PM10, ozone, and nitrogen dioxide""}, {""role"": ""assistant"", ""content"": ""For your trip to a city with a dry climate and significant air pollution, I recommend the following products:\n\n1. **DP Lightweight Moisturizer**: Provides long-lasting hydration without clogging pores, keeping your skin supple.\n2. **DP Vitamin C Serum**: Helps brighten the skin and combat dark spots, offering additional protection against pollutants.\n3. **DP Hydrating Facial Mist**: Refreshes your skin throughout the day, helping to combat dryness and pollution effects.\n4. **DP Daily Face Cleanser**: Effectively removes impurities from pollution while maintaining hydration.\n5. **DP Sunscreen Lotion SPF 50**: Essential for protecting your skin from UV damage, especially if you\u2019re outdoors.\n\nWould you like to know more about any of these products?""}, {""role"": ""user"", ""content"": ""I want to make a selection among products complying with following requirements:\n- addressing skin dryness, irritation, clogged pores and sensitivity.\n- only products with size 100ml or less\n- total budget not more than 120\u20ac\n- not more than 4 products\nPlease provide me with a price list for the products you recommend, given the above restrictions.""}, {""role"": ""assistant"", ""content"": ""Based on your requirements, here are the recommended products:\n\n1. **DP Lightweight Moisturizer** - 50ml, Price: \u20ac20\n2. **DP Hydrating Facial Mist** - 50ml, Price: \u20ac15\n3. **DP Aloe Vera Gel** - 100ml, Price: \u20ac12\n4. **DP Daily Face Cleanser** - 100ml, Price: \u20ac18\n\n**Total Price:** \u20ac65\n\nWould you like any additional information about these products or need help choosing one?""}]",1. **DP Sunscreen Lotion SPF 50** (for both) - €25 (100ml)  2. **DP Lightweight Moisturizer** (for your boss) - €20 (50ml)  3. **DP Hydrating Facial Mist** (for the wife) - €15 (50ml)  4. **DP Night Repair Cream** (for the wife) - €35 (50ml)    **Total: €95**,"1. **DP Lightweight Moisturizer** - 50ml, Price: €20  2. **DP Hydrating Facial Mist** - 50ml, Price: €15  3. **DP Aloe Vera Gel** - 100ml, Price: €12  4. **DP Daily Face Cleanser** - 100ml, Price: €18    **Total Price:** €65",Masters Degree,25-28,Male,4,4,5,5,5,4,4,5,4,4,4,4,4,4,1,1
52,ybyz2svu,,0,1,17,welcome,Welcome,2024-08-02 06:01:57.598956,1,,,0.0,e6w5c0a6,,,,,0,1.0,project_zero,0.0,9,,0.0,1,1,9,,0.0,0,0,[],[],,,,,,,,,,,,,,,,,,,,1,1,9,,0.0,0,0,[],[],,,,,,,,,,,,,,,,,,,,1,1
53,q53oviol,,0,17,17,red,ThankYou,2024-08-02 06:01:57.669480,1,,,0.0,e6w5c0a6,,,,,0,1.0,project_zero,0.0,10,,0.0,1,1,10,,0.0,0,0,[],[],,,,,,,,,,,,,,,,,,,,1,1,10,,0.0,2,2,"[{""role"": ""user"", ""content"": ""hi""}, {""role"": ""assistant"", ""content"": ""Hello! How can I assist you today with your skincare needs?""}, {""role"": ""user"", ""content"": ""I am going to a dry and polluted area with PM10 and have dry skin, clogged pores and sensitivity. Suggest me products with prices.""}, {""role"": ""assistant"", ""content"": ""For your dry skin and clogged pores in a polluted area, I recommend the following products:\n\n1. **DP Lightweight Moisturizer** - \u20ac20: This will provide long-lasting hydration without clogging your pores.\n   \n2. **DP Daily Face Cleanser** - \u20ac18: It gently removes impurities and is ideal for daily use.\n\n3. **DP Hydrating Facial Mist** - \u20ac15: This can refresh and hydrate your skin throughout the day.\n\n4. **DP Aloe Vera Gel** - \u20ac12: Perfect for soothing and hydrating your skin, especially after sun exposure.\n\nWould you like more information about any of these products?""}, {""role"": ""user"", ""content"": ""some more products please""}, {""role"": ""assistant"", ""content"": ""I recommend the following additional products:\n\n5. **DP Vitamin C Serum** - \u20ac30: It brightens the skin and helps reduce dark spots. \n\n6. **DP Night Repair Cream** - \u20ac35: This rejuvenates your skin overnight and helps with hydration.\n\n7. **DP Sunscreen Lotion SPF 50** - \u20ac25: Essential for protecting your skin from harmful UV rays.\n\nWould you like more details on any specific product?""}]","[{""role"": ""user"", ""content"": ""suggest me a sunscreen with spf50 for oily skin""}, {""role"": ""assistant"", ""content"": ""I recommend the DP Sunscreen Lotion SPF 50, which provides excellent broad-spectrum protection and is suitable for oily skin.""}, {""role"": ""user"", ""content"": ""price and bottle size also""}, {""role"": ""assistant"", ""content"": ""The DP Sunscreen Lotion SPF 50 comes in a 100ml bottle and is priced at \u20ac25.""}, {""role"": ""user"", ""content"": ""more options please""}, {""role"": ""assistant"", ""content"": ""For sunscreen options, the DP Sunscreen Lotion SPF 50 is our main offering. We currently don't have additional sunscreens in the product list. Would you like recommendations for other skincare products?""}]",DP Lightweight Moisturizer - €20  DP Daily Face Cleanser - €18  DP Aloe Vera Gel - €12  DP Sunscreen Lotion SPF 50 - €25,DP Sunscreen Lotion SPF50,Masters Degree,25-28,Female,5,5,5,5,5,5,5,4,5,4,5,5,5,5,1,1